Item,Category,Price,Daily_Sales,Cost_per_Item,Customer_Rating,Daily_Revenue
Item_1,Dessert,9.61,26,5.22,4.1,249.85999999999999
Item_2,Drink,8.53,31,3.66,3.1,264.43
Item_3,Dessert,9.41,35,4.94,4.3,329.35
Item_4,Dessert,8.73,39,5.01,3.2,340.47
Item_5,Starter,20.59,24,9.71,3.9,494.15999999999997
Item_6,Drink,12.0,35,4.25,3.6,420.0
Item_7,Main,6.16,23,2.34,4.1,141.68
Item_8,Starter,24.38,32,8.77,3.3,780.16
Item_9,Main,22.68,29,8.48,4.4,657.72
Item_10,Dessert,23.56,21,9.23,4.6,494.76
Item_11,Dessert,24.9,35,11.62,3.3,871.5
Item_12,Starter,8.48,32,4.04,3.2,271.36
Item_13,Starter,12.92,38,5.53,3.3,490.96
Item_14,Main,20.16,24,9.77,4.8,483.84000000000003
Item_15,Drink,18.92,31,6.14,4.1,586.5200000000001
Item_16,Main,8.08,36,2.64,3.9,290.88
Item_17,Starter,21.32,33,7.5,3.2,703.5600000000001
Item_18,Main,9.49,29,4.32,4.3,275.21
Item_19,Starter,9.48,29,3.45,4.7,274.92
Item_20,Main,15.74,30,6.06,4.7,472.2
Item_21,Starter,16.86,27,7.08,4.3,455.21999999999997
Item_22,Starter,16.6,22,9.02,3.2,365.20000000000005
Item_23,Starter,6.83,23,2.08,3.2,157.09
Item_24,Drink,22.55,29,11.16,3.1,653.95
Item_25,Main,10.31,32,5.16,3.5,329.92
Item_26,Main,7.59,27,4.1,3.3,204.93
Item_27,Main,22.77,32,13.2,3.5,728.64
Item_28,Starter,24.11,33,7.38,3.8,795.63
Item_29,Main,22.24,33,7.7,4.9,733.92
Item_30,Main,21.19,24,11.99,4.2,508.56000000000006
Item_31,Starter,18.1,25,7.92,4.7,452.50000000000006
Item_32,Dessert,16.02,26,7.52,4.4,416.52
Item_33,Starter,6.74,33,3.36,3.2,222.42000000000002
Item_34,Main,13.17,27,6.63,4.5,355.59
Item_35,Starter,12.45,37,7.22,3.6,460.65
Item_36,Dessert,10.2,35,6.11,4.3,357.0
Item_37,Starter,19.47,26,10.05,3.7,506.21999999999997
Item_38,Main,14.92,33,5.76,5.0,492.36
Item_39,Dessert,6.62,22,3.73,3.5,145.64000000000001
Item_40,Drink,9.4,29,2.96,3.6,272.6
Item_41,Main,18.67,31,6.9,4.9,578.7700000000001
Item_42,Dessert,6.52,29,3.71,3.0,189.07999999999998
Item_43,Dessert,22.02,26,8.3,4.4,572.52
Item_44,Drink,14.9,34,5.46,4.5,506.6
Item_45,Starter,14.61,34,4.99,4.7,496.74
Item_46,Starter,16.85,36,9.4,4.9,606.6
Item_47,Main,21.49,37,9.67,5.0,795.13
Item_48,Drink,11.96,33,6.01,3.1,394.68
Item_49,Starter,18.56,21,6.9,4.6,389.76
Item_50,Drink,16.31,27,8.6,4.3,440.36999999999995
Item_51,Starter,10.34,27,5.46,4.3,279.18
Item_52,Dessert,22.57,34,8.89,3.3,767.38
Item_53,Starter,20.95,38,8.87,4.3,796.1
Item_54,Drink,18.17,33,6.59,5.0,599.61
Item_55,Dessert,22.01,38,13.05,4.8,836.3800000000001
Item_56,Dessert,22.35,20,11.03,3.9,447.0
Item_57,Dessert,19.17,35,11.13,3.1,670.95
Item_58,Drink,21.74,37,8.5,3.7,804.38
Item_59,Main,18.95,32,10.13,4.7,606.4
Item_60,Main,18.6,33,9.85,4.4,613.8000000000001
Item_61,Main,17.37,37,8.82,3.9,642.69
Item_62,Drink,20.05,30,11.82,3.1,601.5
Item_63,Dessert,8.17,27,3.42,3.9,220.59
Item_64,Main,22.62,35,7.67,3.9,791.7
Item_65,Drink,22.44,38,11.25,4.9,852.72
Item_66,Main,5.58,32,2.89,4.3,178.56
Item_67,Starter,21.52,31,10.17,3.6,667.12
Item_68,Main,7.58,25,2.74,4.1,189.5
Item_69,Main,11.7,22,5.28,3.1,257.4
Item_70,Dessert,19.87,30,7.82,4.9,596.1
Item_71,Drink,8.22,42,3.52,3.7,345.24
Item_72,Dessert,21.36,34,10.54,4.0,726.24
Item_73,Dessert,21.64,32,11.33,3.7,692.48
Item_74,Dessert,15.15,26,5.6,4.4,393.90000000000003
Item_75,Dessert,5.13,29,2.16,4.3,148.77
Item_76,Dessert,10.74,23,4.09,4.4,247.02
Item_77,Main,17.34,30,6.24,3.5,520.2
Item_78,Dessert,24.62,32,13.17,3.6,787.84
Item_79,Dessert,17.64,25,10.1,3.3,441.0
Item_80,Drink,10.2,25,4.19,4.3,254.99999999999997
Item_81,Starter,17.68,22,9.29,3.1,388.96
Item_82,Main,15.8,35,8.99,4.2,553.0
Item_83,Main,20.6,30,11.41,4.7,618.0
Item_84,Main,7.14,40,2.53,4.8,285.59999999999997
Item_85,Dessert,20.22,21,11.87,3.9,424.62
Item_86,Dessert,15.83,22,6.54,3.9,348.26
Item_87,Dessert,24.26,30,9.75,3.2,727.8000000000001
Item_88,Drink,11.84,30,3.77,4.3,355.2
Item_89,Starter,17.65,26,7.87,4.6,458.9
Item_90,Dessert,23.64,29,7.87,3.5,685.5600000000001
Item_91,Starter,7.05,39,2.64,3.8,274.95
Item_92,Drink,23.74,32,9.38,4.7,759.68
Item_93,Main,18.76,36,10.18,4.8,675.36
Item_94,Dessert,6.36,32,3.58,3.5,203.52
Item_95,Starter,11.02,26,4.31,4.1,286.52
Item_96,Starter,19.16,32,10.68,3.4,613.12
Item_97,Dessert,6.35,22,3.54,3.2,139.7
Item_98,Main,16.64,29,8.81,4.8,482.56
Item_99,Main,11.92,22,4.1,4.6,262.24
Item_100,Main,17.42,34,8.83,4.5,592.2800000000001
Item_101,Drink,5.91,20,3.45,3.1,118.2
Item_102,Starter,22.43,41,11.32,4.7,919.63
Item_103,Starter,24.47,33,9.78,3.9,807.51
Item_104,Starter,24.38,31,10.98,3.7,755.78
Item_105,Drink,19.99,32,9.87,4.1,639.68
Item_106,Starter,7.6,32,3.44,3.2,243.2
Item_107,Drink,20.17,34,6.78,4.5,685.7800000000001
Item_108,Main,5.49,38,2.16,4.2,208.62
Item_109,Dessert,5.44,30,2.94,3.4,163.20000000000002
Item_110,Starter,11.47,26,6.41,3.4,298.22
Item_111,Starter,14.77,31,5.04,3.4,457.87
Item_112,Main,20.41,22,11.95,3.1,449.02
Item_113,Dessert,18.67,27,7.44,4.2,504.09000000000003
Item_114,Drink,13.92,32,6.94,4.7,445.44
Item_115,Dessert,10.47,33,5.5,3.0,345.51000000000005
Item_116,Main,24.94,33,13.56,3.1,823.0200000000001
Item_117,Main,13.52,27,7.89,4.1,365.03999999999996
Item_118,Dessert,14.03,29,5.53,4.6,406.87
Item_119,Drink,8.27,39,4.61,3.7,322.53
Item_120,Drink,20.9,27,7.1,3.7,564.3
Item_121,Starter,18.87,28,9.65,4.2,528.36
Item_122,Drink,9.42,33,4.92,3.5,310.86
Item_123,Dessert,6.65,28,3.35,3.1,186.20000000000002
Item_124,Main,18.61,29,6.99,4.5,539.6899999999999
Item_125,Starter,18.09,38,10.17,4.3,687.42
Item_126,Starter,10.47,23,3.67,4.2,240.81
Item_127,Main,24.02,32,7.59,4.5,768.64
Item_128,Drink,8.02,27,4.13,4.4,216.54
Item_129,Main,13.65,28,6.04,3.4,382.2
Item_130,Drink,23.87,33,13.24,3.7,787.71
Item_131,Main,13.39,28,5.56,3.3,374.92
Item_132,Dessert,17.77,33,6.23,3.3,586.41
Item_133,Drink,12.95,30,7.13,4.4,388.5
Item_134,Dessert,10.48,28,4.87,4.7,293.44
Item_135,Starter,24.68,24,8.8,4.9,592.3199999999999
Item_136,Main,13.19,34,6.81,4.3,448.46
Item_137,Starter,22.88,27,10.37,3.4,617.76
Item_138,Starter,9.6,32,4.62,3.2,307.2
Item_139,Starter,9.26,44,4.06,4.6,407.44
Item_140,Starter,5.62,28,3.08,4.2,157.36
Item_141,Main,18.03,31,9.9,4.2,558.9300000000001
Item_142,Starter,12.37,31,6.34,4.6,383.46999999999997
Item_143,Main,22.29,34,7.39,4.4,757.86
Item_144,Main,14.46,29,7.98,4.7,419.34000000000003
Item_145,Dessert,24.36,26,12.21,3.1,633.36
Item_146,Drink,8.71,19,4.43,4.5,165.49
Item_147,Drink,22.37,31,9.15,4.7,693.47
Item_148,Main,20.53,31,11.57,3.6,636.4300000000001
Item_149,Dessert,20.42,29,10.57,4.3,592.1800000000001
Item_150,Main,21.9,30,7.31,3.6,657.0
Item_151,Main,20.22,32,8.54,4.9,647.04
Item_152,Main,17.52,32,9.91,3.1,560.64
Item_153,Dessert,7.62,28,2.39,4.2,213.36
Item_154,Drink,5.65,30,3.32,3.3,169.5
Item_155,Dessert,23.42,39,11.8,4.4,913.3800000000001
Item_156,Starter,17.33,30,8.48,3.4,519.9
Item_157,Dessert,20.93,23,7.98,3.5,481.39
Item_158,Dessert,14.63,23,5.48,4.0,336.49
Item_159,Dessert,7.35,26,4.28,4.8,191.1
Item_160,Dessert,7.5,41,2.92,3.4,307.5
Item_161,Drink,18.71,30,9.97,3.3,561.3000000000001
Item_162,Starter,13.61,31,5.69,4.5,421.90999999999997
Item_163,Drink,9.01,26,3.08,4.0,234.26
Item_164,Drink,14.83,34,4.5,4.8,504.22
Item_165,Dessert,6.28,30,2.91,3.3,188.4
Item_166,Main,16.64,31,9.86,4.3,515.84
Item_167,Main,10.38,36,4.26,3.5,373.68
Item_168,Drink,20.95,25,8.53,3.3,523.75
Item_169,Drink,11.21,37,4.52,4.4,414.77000000000004
Item_170,Dessert,14.1,29,6.43,4.2,408.9
Item_171,Drink,5.23,33,2.26,4.5,172.59
Item_172,Dessert,6.45,33,3.64,3.6,212.85
Item_173,Main,12.85,27,5.8,3.9,346.95
Item_174,Main,14.6,35,6.6,3.8,511.0
Item_175,Starter,17.0,33,5.81,5.0,561.0
Item_176,Main,10.83,26,6.44,3.6,281.58
Item_177,Drink,18.9,34,7.09,3.6,642.5999999999999
Item_178,Main,22.2,34,7.15,3.7,754.8
Item_179,Dessert,20.6,33,10.28,4.1,679.8000000000001
Item_180,Main,5.79,36,2.77,3.5,208.44
Item_181,Starter,14.61,21,6.2,4.8,306.81
Item_182,Main,7.1,20,3.03,3.5,142.0
Item_183,Dessert,9.84,28,5.27,4.8,275.52
Item_184,Dessert,24.73,27,8.87,3.2,667.71
Item_185,Drink,7.85,30,4.29,4.3,235.5
Item_186,Main,14.98,20,7.41,4.8,299.6
Item_187,Dessert,17.36,35,7.39,3.3,607.6
Item_188,Starter,19.05,18,8.33,4.9,342.90000000000003
Item_189,Drink,16.19,28,6.1,3.9,453.32000000000005
Item_190,Starter,5.2,25,2.73,4.9,130.0
Item_191,Main,11.53,28,5.23,4.4,322.84
Item_192,Main,15.35,27,6.08,3.6,414.45
Item_193,Main,6.76,25,3.24,3.4,169.0
Item_194,Drink,12.01,28,7.19,3.6,336.28
Item_195,Dessert,5.66,30,2.44,3.2,169.8
Item_196,Drink,6.57,31,3.79,3.3,203.67000000000002
Item_197,Starter,12.94,20,5.22,3.2,258.8
Item_198,Drink,7.65,25,2.42,3.8,191.25
Item_199,Starter,16.35,31,5.91,4.6,506.85
Item_200,Drink,18.79,23,8.0,3.3,432.16999999999996
Item_201,Dessert,21.01,26,7.69,3.3,546.26
Item_202,Starter,9.0,26,2.7,4.3,234.0
Item_203,Main,8.35,32,4.8,3.4,267.2
Item_204,Main,7.09,34,3.92,3.2,241.06
Item_205,Drink,17.73,17,9.27,3.3,301.41
Item_206,Main,19.13,33,6.7,4.8,631.29
Item_207,Starter,5.63,36,1.89,4.6,202.68
Item_208,Main,23.72,26,7.6,3.7,616.72
Item_209,Dessert,6.04,27,3.12,4.3,163.08
Item_210,Dessert,15.83,28,9.16,4.1,443.24
Item_211,Drink,19.18,36,8.23,4.4,690.48
Item_212,Starter,22.42,29,7.53,4.4,650.1800000000001
Item_213,Dessert,19.28,28,8.75,4.3,539.84
Item_214,Dessert,21.03,21,8.51,3.5,441.63
Item_215,Starter,11.79,30,4.86,3.1,353.7
Item_216,Main,21.3,32,10.36,3.9,681.6
Item_217,Main,6.6,34,3.4,4.8,224.39999999999998
Item_218,Drink,22.9,42,7.63,4.1,961.8
Item_219,Main,15.95,27,4.96,4.7,430.65
Item_220,Starter,21.35,35,12.77,5.0,747.25
Item_221,Dessert,14.05,17,5.2,3.3,238.85000000000002
Item_222,Main,17.87,43,5.65,4.4,768.4100000000001
Item_223,Drink,15.53,29,5.54,4.3,450.37
Item_224,Main,19.63,25,6.12,5.0,490.75
Item_225,Starter,6.63,28,2.77,5.0,185.64
Item_226,Drink,6.21,35,3.36,4.4,217.35
Item_227,Main,9.94,25,4.0,3.5,248.5
Item_228,Drink,8.19,29,3.55,4.6,237.51
Item_229,Starter,22.44,25,11.28,3.2,561.0
Item_230,Dessert,9.38,32,4.25,4.6,300.16
Item_231,Starter,24.52,23,13.69,4.8,563.96
Item_232,Starter,11.74,34,6.57,3.8,399.16
Item_233,Starter,8.64,32,2.62,4.3,276.48
Item_234,Starter,20.79,34,11.09,3.9,706.86
Item_235,Dessert,18.17,38,7.96,3.9,690.46
Item_236,Dessert,14.96,28,8.93,3.6,418.88
Item_237,Drink,16.11,22,7.17,4.5,354.41999999999996
Item_238,Main,19.38,26,11.55,4.9,503.88
Item_239,Dessert,9.57,27,5.04,4.9,258.39
Item_240,Dessert,24.93,23,9.34,3.3,573.39
Item_241,Main,24.5,30,11.31,4.7,735.0
Item_242,Dessert,18.01,30,10.76,4.5,540.3000000000001
Item_243,Starter,8.99,33,5.01,3.5,296.67
Item_244,Starter,18.6,23,6.12,3.1,427.8
Item_245,Main,6.44,22,3.3,3.5,141.68
Item_246,Drink,5.61,35,2.26,4.8,196.35000000000002
Item_247,Drink,10.15,27,3.07,4.3,274.05
Item_248,Main,14.25,36,6.0,4.4,513.0
Item_249,Main,22.37,38,8.29,3.5,850.0600000000001
Item_250,Starter,19.54,35,10.66,4.4,683.9
Item_251,Drink,19.85,28,7.96,3.1,555.8000000000001
Item_252,Dessert,13.51,19,7.41,3.8,256.69
Item_253,Starter,11.92,26,3.58,4.3,309.92
Item_254,Main,12.42,34,4.87,3.3,422.28
Item_255,Drink,24.75,41,9.22,4.6,1014.75
Item_256,Dessert,5.8,44,2.15,3.5,255.2
Item_257,Dessert,22.34,28,7.16,4.3,625.52
Item_258,Starter,16.57,24,5.9,3.8,397.68
Item_259,Drink,13.77,32,6.43,4.2,440.64
Item_260,Drink,19.51,31,7.56,3.2,604.8100000000001
Item_261,Main,14.73,36,6.26,3.0,530.28
Item_262,Drink,22.47,28,9.28,4.8,629.16
Item_263,Drink,23.01,26,12.95,3.5,598.26
Item_264,Starter,13.43,39,7.68,4.6,523.77
Item_265,Drink,10.54,29,4.72,5.0,305.65999999999997
Item_266,Dessert,16.85,33,6.72,3.4,556.0500000000001
Item_267,Starter,23.25,23,7.72,3.5,534.75
Item_268,Starter,9.21,32,5.4,4.3,294.72
Item_269,Main,17.46,30,5.55,4.9,523.8000000000001
Item_270,Drink,17.63,30,6.86,4.8,528.9
Item_271,Main,19.66,20,7.66,4.0,393.2
Item_272,Dessert,7.63,35,3.02,4.6,267.05
Item_273,Starter,19.32,31,6.75,3.3,598.92
Item_274,Starter,23.18,17,12.4,5.0,394.06
Item_275,Starter,8.59,29,2.89,4.9,249.10999999999999
Item_276,Dessert,9.75,37,4.78,3.3,360.75
Item_277,Dessert,24.43,44,8.24,3.6,1074.92
Item_278,Main,8.62,31,2.77,3.2,267.21999999999997
Item_279,Main,22.09,29,12.65,3.5,640.61
Item_280,Main,14.85,20,5.3,4.6,297.0
Item_281,Drink,9.94,34,5.43,3.8,337.96
Item_282,Starter,22.41,30,10.38,3.2,672.3
Item_283,Starter,13.91,26,4.5,3.7,361.66
Item_284,Main,15.3,33,8.98,5.0,504.90000000000003
Item_285,Starter,12.18,31,4.56,4.3,377.58
Item_286,Main,16.86,30,9.41,3.8,505.79999999999995
Item_287,Drink,8.27,40,2.9,3.3,330.79999999999995
Item_288,Drink,12.82,32,7.13,5.0,410.24
Item_289,Dessert,24.39,27,7.41,4.6,658.53
Item_290,Drink,10.16,34,4.61,3.6,345.44
Item_291,Main,18.13,29,9.62,3.1,525.77
Item_292,Drink,11.5,30,6.68,3.1,345.0
Item_293,Dessert,20.47,22,11.72,3.2,450.34
Item_294,Starter,7.62,28,4.16,4.2,213.36
Item_295,Main,24.4,34,13.82,4.9,829.5999999999999
Item_296,Starter,14.08,28,5.07,4.0,394.24
Item_297,Dessert,9.72,31,3.74,4.7,301.32
Item_298,Dessert,6.47,35,2.5,3.9,226.45
Item_299,Dessert,8.4,31,3.47,4.4,260.40000000000003
Item_300,Starter,15.4,33,6.44,4.5,508.2
Item_301,Starter,11.74,22,5.44,3.3,258.28000000000003
Item_302,Starter,21.58,25,7.51,3.7,539.5
Item_303,Starter,13.62,15,6.91,4.3,204.29999999999998
Item_304,Dessert,9.97,37,3.49,3.1,368.89000000000004
Item_305,Dessert,17.34,42,6.82,3.7,728.28
Item_306,Main,19.14,29,8.63,4.1,555.0600000000001
Item_307,Main,8.34,30,4.49,5.0,250.2
Item_308,Starter,8.35,26,4.36,3.9,217.1
Item_309,Drink,5.73,38,2.83,4.6,217.74
Item_310,Drink,19.73,35,6.84,3.9,690.5500000000001
Item_311,Dessert,18.28,30,8.48,4.6,548.4000000000001
Item_312,Dessert,14.49,31,4.73,4.2,449.19
Item_313,Dessert,21.88,27,9.04,4.8,590.76
Item_314,Main,21.11,25,8.95,3.8,527.75
Item_315,Main,16.71,30,5.21,4.2,501.3
Item_316,Dessert,22.37,27,8.55,4.3,603.99
Item_317,Dessert,9.12,35,5.35,3.8,319.2
Item_318,Dessert,7.24,31,4.24,3.3,224.44
Item_319,Drink,10.39,29,4.22,3.2,301.31
Item_320,Main,6.14,23,1.92,3.0,141.22
Item_321,Drink,15.62,30,5.53,4.7,468.59999999999997
Item_322,Drink,23.73,27,9.91,3.5,640.71
Item_323,Dessert,5.79,25,3.38,3.4,144.75
Item_324,Dessert,7.44,25,2.55,4.5,186.0
Item_325,Starter,14.04,29,7.43,3.6,407.15999999999997
Item_326,Starter,23.68,27,7.88,4.0,639.36
Item_327,Drink,11.32,36,6.73,3.3,407.52
Item_328,Main,15.14,28,6.28,4.9,423.92
Item_329,Dessert,5.83,34,3.1,4.7,198.22
Item_330,Dessert,7.97,31,3.21,4.7,247.07
Item_331,Drink,24.73,20,12.08,3.8,494.6
Item_332,Starter,24.3,33,8.69,4.5,801.9
Item_333,Main,5.1,35,1.75,3.3,178.5
Item_334,Starter,24.04,42,13.98,3.0,1009.68
Item_335,Starter,17.78,26,10.23,3.0,462.28000000000003
Item_336,Starter,22.36,26,12.66,4.2,581.36
Item_337,Starter,14.09,34,6.87,3.9,479.06
Item_338,Dessert,15.31,30,8.31,4.0,459.3
Item_339,Dessert,14.78,28,4.74,3.0,413.84
Item_340,Starter,18.34,36,7.34,3.8,660.24
Item_341,Main,7.79,34,3.07,4.4,264.86
Item_342,Drink,5.6,39,2.75,3.9,218.39999999999998
Item_343,Main,11.16,26,4.54,4.5,290.16
Item_344,Main,19.09,24,6.58,3.5,458.15999999999997
Item_345,Main,9.04,37,4.33,4.6,334.47999999999996
Item_346,Starter,18.47,34,10.05,4.2,627.98
Item_347,Dessert,24.4,42,10.12,3.4,1024.8
Item_348,Main,6.88,28,2.34,3.5,192.64
Item_349,Starter,18.45,35,6.62,4.3,645.75
Item_350,Main,13.88,28,5.15,4.7,388.64000000000004
Item_351,Main,22.36,36,8.72,3.8,804.96
Item_352,Starter,8.54,29,4.21,3.5,247.65999999999997
Item_353,Dessert,18.85,33,9.05,4.7,622.0500000000001
Item_354,Dessert,21.76,18,11.07,4.3,391.68
Item_355,Drink,23.89,24,9.77,3.9,573.36
Item_356,Starter,18.66,31,10.21,4.0,578.46
Item_357,Drink,14.94,23,5.4,3.4,343.62
Item_358,Drink,17.36,24,7.65,4.3,416.64
Item_359,Drink,22.38,26,12.09,3.7,581.88
Item_360,Dessert,16.41,33,5.81,5.0,541.53
Item_361,Starter,5.61,26,1.87,4.0,145.86
Item_362,Drink,23.62,31,13.35,4.0,732.22
Item_363,Starter,18.79,39,7.57,4.1,732.81
Item_364,Starter,18.53,33,9.36,4.8,611.49
Item_365,Dessert,9.31,31,2.86,4.6,288.61
Item_366,Drink,18.18,27,9.22,3.9,490.86
Item_367,Drink,12.88,32,5.09,4.4,412.16
Item_368,Starter,18.02,34,5.71,4.2,612.68
Item_369,Main,7.13,20,3.44,4.0,142.6
Item_370,Dessert,18.16,26,6.76,3.4,472.16
Item_371,Dessert,24.99,33,10.4,3.9,824.67
Item_372,Dessert,5.96,19,1.93,3.5,113.24
Item_373,Dessert,24.54,41,8.45,4.8,1006.14
Item_374,Drink,13.14,33,5.12,3.7,433.62
Item_375,Drink,22.42,25,7.33,4.9,560.5
Item_376,Main,20.65,34,11.84,4.1,702.0999999999999
Item_377,Dessert,16.34,26,4.93,4.3,424.84
Item_378,Dessert,19.77,20,8.8,4.1,395.4
Item_379,Starter,22.57,22,7.61,3.3,496.54
Item_380,Drink,13.08,34,5.13,3.8,444.72
Item_381,Dessert,11.54,29,6.67,3.2,334.65999999999997
Item_382,Main,18.35,28,6.4,4.2,513.8000000000001
Item_383,Main,21.16,25,12.48,3.9,529.0
Item_384,Drink,20.25,26,7.33,4.6,526.5
Item_385,Main,20.96,32,10.95,3.4,670.72
Item_386,Main,13.71,27,6.36,3.3,370.17
Item_387,Drink,21.36,32,12.08,3.8,683.52
Item_388,Dessert,7.4,32,3.45,4.9,236.8
Item_389,Dessert,15.89,26,7.32,4.4,413.14
Item_390,Main,5.12,33,1.84,3.8,168.96
Item_391,Main,11.49,27,4.02,4.0,310.23
Item_392,Dessert,12.33,32,7.09,3.2,394.56
Item_393,Drink,12.92,42,5.15,5.0,542.64
Item_394,Main,18.91,25,7.78,4.3,472.75
Item_395,Starter,12.77,33,6.74,3.6,421.40999999999997
Item_396,Drink,13.97,28,5.61,4.2,391.16
Item_397,Main,9.75,31,5.71,3.2,302.25
Item_398,Main,12.47,29,6.5,4.9,361.63
Item_399,Starter,9.55,28,4.58,3.3,267.40000000000003
Item_400,Starter,6.46,24,3.65,4.3,155.04
Item_401,Dessert,17.07,50,5.38,3.5,853.5
Item_402,Drink,18.36,21,6.92,4.4,385.56
Item_403,Drink,17.39,39,7.64,4.6,678.21
Item_404,Dessert,14.27,26,5.25,4.3,371.02
Item_405,Drink,12.6,34,6.59,4.2,428.4
Item_406,Drink,22.27,31,12.82,4.8,690.37
Item_407,Drink,15.38,32,6.57,3.2,492.16
Item_408,Drink,14.58,34,5.87,3.7,495.72
Item_409,Drink,5.51,25,3.24,3.5,137.75
Item_410,Starter,11.82,34,5.12,5.0,401.88
Item_411,Drink,12.6,26,5.63,3.8,327.59999999999997
Item_412,Starter,12.98,26,5.26,4.5,337.48
Item_413,Drink,16.6,19,9.51,4.4,315.40000000000003
Item_414,Dessert,15.67,34,7.38,3.4,532.78
Item_415,Main,17.16,33,9.07,3.5,566.28
Item_416,Starter,20.3,42,11.03,3.6,852.6
Item_417,Drink,21.26,35,8.56,3.8,744.1
Item_418,Dessert,19.36,40,8.33,3.5,774.4
Item_419,Main,24.11,25,13.37,3.0,602.75
Item_420,Starter,5.36,34,2.19,4.8,182.24
Item_421,Main,8.92,30,4.8,4.9,267.6
Item_422,Dessert,5.15,28,3.0,3.7,144.20000000000002
Item_423,Starter,17.95,31,8.74,3.7,556.4499999999999
Item_424,Main,22.96,26,12.0,3.0,596.96
Item_425,Drink,9.87,38,5.34,4.4,375.05999999999995
Item_426,Starter,23.54,35,13.03,4.7,823.9
Item_427,Main,6.21,32,2.6,3.3,198.72
Item_428,Dessert,23.69,33,7.47,3.3,781.7700000000001
Item_429,Dessert,12.03,29,5.06,4.6,348.87
Item_430,Starter,7.03,41,3.53,4.2,288.23
Item_431,Main,14.72,36,6.4,3.1,529.9200000000001
Item_432,Starter,10.14,29,5.32,4.2,294.06
Item_433,Starter,10.7,27,4.36,3.6,288.9
Item_434,Main,11.15,18,5.47,3.7,200.70000000000002
Item_435,Main,21.06,40,7.5,4.5,842.4
Item_436,Drink,15.78,35,8.28,4.6,552.3
Item_437,Main,11.23,33,5.21,3.8,370.59000000000003
Item_438,Dessert,17.21,24,6.22,4.9,413.04
Item_439,Starter,19.32,20,7.49,3.8,386.4
Item_440,Starter,10.45,36,5.48,4.5,376.2
Item_441,Dessert,13.27,22,5.9,4.0,291.94
Item_442,Main,7.44,27,2.71,4.8,200.88000000000002
Item_443,Dessert,8.62,30,5.09,4.8,258.59999999999997
Item_444,Dessert,18.62,28,9.58,3.2,521.36
Item_445,Drink,8.63,27,5.07,4.9,233.01000000000002
Item_446,Dessert,15.5,43,6.64,4.7,666.5
Item_447,Starter,19.18,28,8.49,4.6,537.04
Item_448,Dessert,7.14,22,4.07,3.4,157.07999999999998
Item_449,Starter,16.35,31,7.48,4.6,506.85
Item_450,Starter,10.13,33,5.19,4.7,334.29
Item_451,Starter,24.26,37,9.11,3.6,897.62
Item_452,Main,14.67,29,6.37,4.9,425.43
Item_453,Drink,21.12,24,7.12,3.1,506.88
Item_454,Starter,16.0,24,5.79,3.3,384.0
Item_455,Starter,5.87,25,1.76,4.1,146.75
Item_456,Main,17.66,24,5.51,4.2,423.84000000000003
Item_457,Starter,24.03,34,14.25,4.3,817.02
Item_458,Dessert,17.03,30,6.35,3.0,510.90000000000003
Item_459,Dessert,21.38,21,10.67,4.9,448.97999999999996
Item_460,Drink,22.68,24,12.51,3.1,544.3199999999999
Item_461,Starter,9.56,25,4.45,3.3,239.0
Item_462,Main,9.24,22,3.2,3.0,203.28
Item_463,Dessert,17.22,30,8.93,4.1,516.5999999999999
Item_464,Main,13.22,26,6.35,4.9,343.72
Item_465,Main,21.8,28,11.32,4.3,610.4
Item_466,Dessert,23.0,32,12.21,4.6,736.0
Item_467,Main,12.07,29,7.15,3.0,350.03000000000003
Item_468,Dessert,9.74,31,4.6,4.1,301.94
Item_469,Main,20.61,33,8.3,3.9,680.13
Item_470,Dessert,10.5,30,5.19,4.0,315.0
Item_471,Starter,21.45,37,6.88,3.1,793.65
Item_472,Drink,13.47,30,7.67,4.4,404.1
Item_473,Dessert,18.35,32,6.16,4.0,587.2
Item_474,Dessert,6.91,27,2.75,4.5,186.57
Item_475,Drink,17.48,33,9.52,4.0,576.84
Item_476,Dessert,14.04,28,6.73,3.3,393.12
Item_477,Dessert,16.73,25,6.99,4.3,418.25
Item_478,Main,8.36,29,3.7,3.3,242.44
Item_479,Drink,19.74,35,10.98,4.7,690.9
Item_480,Starter,22.26,30,8.95,4.2,667.8000000000001
Item_481,Dessert,9.33,32,5.23,3.3,298.56
Item_482,Drink,6.91,26,2.26,4.9,179.66
Item_483,Main,5.47,34,2.92,4.0,185.98
Item_484,Starter,17.84,36,9.89,3.1,642.24
Item_485,Drink,17.14,27,6.08,4.3,462.78000000000003
Item_486,Starter,15.93,29,6.84,3.5,461.96999999999997
Item_487,Starter,9.64,29,3.37,4.6,279.56
Item_488,Starter,12.82,28,6.56,4.6,358.96000000000004
Item_489,Dessert,16.89,38,7.78,5.0,641.82
Item_490,Dessert,14.94,20,7.33,4.0,298.8
Item_491,Main,24.76,28,8.89,3.9,693.2800000000001
Item_492,Main,7.73,46,2.81,4.5,355.58000000000004
Item_493,Drink,18.9,32,5.91,3.3,604.8
Item_494,Main,13.09,28,5.19,4.1,366.52
Item_495,Starter,13.56,31,6.35,4.1,420.36
Item_496,Starter,19.35,25,10.79,3.2,483.75000000000006
Item_497,Dessert,18.85,28,9.43,3.8,527.8000000000001
Item_498,Starter,24.83,28,10.69,4.7,695.24
Item_499,Drink,7.57,34,4.44,4.7,257.38
Item_500,Starter,7.08,33,3.65,3.2,233.64000000000001
Item_501,Starter,19.49,25,11.29,3.2,487.24999999999994
Item_502,Drink,16.57,30,7.59,3.5,497.1
Item_503,Main,10.48,35,3.96,4.7,366.8
Item_504,Main,6.59,31,2.08,3.3,204.29
Item_505,Drink,6.71,35,3.47,4.4,234.85
Item_506,Dessert,22.88,35,7.7,3.2,800.8
Item_507,Starter,8.84,35,3.45,4.2,309.4
Item_508,Drink,11.47,23,5.27,3.7,263.81
Item_509,Starter,9.53,32,4.47,4.6,304.96
Item_510,Dessert,12.1,24,5.81,3.5,290.4
Item_511,Starter,6.39,38,2.24,4.3,242.82
Item_512,Drink,15.38,39,6.37,3.5,599.82
Item_513,Starter,6.35,32,3.08,4.4,203.2
Item_514,Main,21.01,38,12.42,4.7,798.3800000000001
Item_515,Dessert,9.67,32,5.01,3.3,309.44
Item_516,Dessert,15.8,30,9.11,4.7,474.0
Item_517,Dessert,22.6,26,11.95,4.2,587.6
Item_518,Drink,18.02,27,8.6,3.3,486.53999999999996
Item_519,Dessert,15.66,25,5.6,3.9,391.5
Item_520,Main,11.49,39,5.75,3.3,448.11
Item_521,Drink,11.66,24,5.68,4.4,279.84000000000003
Item_522,Main,18.39,33,8.84,4.5,606.87
Item_523,Starter,24.88,36,11.12,3.2,895.68
Item_524,Starter,18.24,35,8.36,4.0,638.4
Item_525,Starter,16.16,33,6.47,4.6,533.28
Item_526,Starter,19.61,41,8.94,4.9,804.01
Item_527,Main,14.3,27,5.14,4.0,386.1
Item_528,Drink,6.2,24,3.36,4.9,148.8
Item_529,Drink,16.25,25,5.78,4.1,406.25
Item_530,Dessert,24.15,26,7.86,3.8,627.9
Item_531,Main,8.51,34,3.67,4.7,289.34
Item_532,Starter,18.8,21,9.35,4.0,394.8
Item_533,Main,9.02,28,3.89,3.9,252.56
Item_534,Dessert,15.72,25,6.02,4.0,393.0
Item_535,Dessert,6.93,27,3.24,4.7,187.10999999999999
Item_536,Main,14.01,38,5.66,4.7,532.38
Item_537,Main,20.12,26,11.67,3.8,523.12
Item_538,Main,11.95,20,6.89,3.7,239.0
Item_539,Drink,18.3,34,8.25,4.0,622.2
Item_540,Starter,20.91,25,8.33,4.1,522.75
Item_541,Main,23.54,28,12.27,3.5,659.12
Item_542,Main,9.69,35,3.01,4.6,339.15
Item_543,Main,12.99,27,5.75,4.0,350.73
Item_544,Dessert,8.05,25,3.23,3.7,201.25000000000003
Item_545,Dessert,24.85,35,14.32,3.2,869.75
Item_546,Drink,23.54,34,7.15,3.5,800.36
Item_547,Starter,15.8,36,7.36,4.9,568.8000000000001
Item_548,Drink,21.84,31,11.4,3.6,677.04
Item_549,Starter,15.42,37,6.87,3.3,570.54
Item_550,Dessert,17.47,34,5.69,3.9,593.98
Item_551,Dessert,6.78,33,4.01,3.6,223.74
Item_552,Dessert,20.11,25,9.16,3.1,502.75
Item_553,Drink,7.55,27,3.66,3.6,203.85
Item_554,Main,21.52,35,7.98,4.1,753.1999999999999
Item_555,Main,20.64,31,9.19,4.1,639.84
Item_556,Dessert,19.17,29,8.22,3.7,555.9300000000001
Item_557,Main,5.72,33,1.84,3.9,188.76
Item_558,Main,11.06,41,3.67,4.9,453.46000000000004
Item_559,Drink,10.26,30,5.66,3.8,307.8
Item_560,Starter,12.2,33,4.54,3.5,402.59999999999997
Item_561,Dessert,6.75,26,2.42,3.5,175.5
Item_562,Dessert,23.74,32,10.72,3.9,759.68
Item_563,Drink,16.08,24,8.53,4.5,385.91999999999996
Item_564,Drink,11.11,29,3.54,3.4,322.19
Item_565,Main,12.94,36,6.12,4.4,465.84
Item_566,Dessert,13.94,32,4.68,3.0,446.08
Item_567,Starter,17.01,36,5.29,3.8,612.36
Item_568,Drink,15.31,44,4.84,4.6,673.64
Item_569,Starter,23.39,30,12.87,3.7,701.7
Item_570,Starter,14.94,23,5.01,4.1,343.62
Item_571,Dessert,24.84,31,7.79,3.4,770.04
Item_572,Dessert,22.03,28,9.5,4.5,616.84
Item_573,Drink,9.17,21,5.07,3.1,192.57
Item_574,Dessert,23.61,33,8.94,4.7,779.13
Item_575,Dessert,7.33,24,3.13,3.4,175.92000000000002
Item_576,Dessert,21.35,26,6.66,4.7,555.1
Item_577,Starter,12.61,38,5.48,3.7,479.17999999999995
Item_578,Drink,22.56,36,10.68,4.4,812.16
Item_579,Main,22.36,27,10.54,3.6,603.72
Item_580,Starter,21.12,21,8.44,4.8,443.52000000000004
Item_581,Dessert,20.8,20,8.21,3.3,416.0
Item_582,Starter,11.09,25,3.68,3.4,277.25
Item_583,Dessert,6.62,26,2.71,4.0,172.12
Item_584,Dessert,13.06,24,4.31,3.2,313.44
Item_585,Starter,8.47,26,4.49,3.4,220.22000000000003
Item_586,Drink,18.9,27,11.15,4.9,510.29999999999995
Item_587,Dessert,11.92,25,7.04,5.0,298.0
Item_588,Drink,24.51,26,13.71,3.8,637.26
Item_589,Main,17.82,33,8.56,4.8,588.0600000000001
Item_590,Dessert,21.45,25,10.95,4.1,536.25
Item_591,Drink,7.65,23,2.95,3.5,175.95000000000002
Item_592,Drink,22.24,37,10.88,4.4,822.88
Item_593,Main,23.46,21,10.24,4.3,492.66
Item_594,Drink,14.74,27,6.55,5.0,397.98
Item_595,Drink,17.13,35,9.03,3.5,599.55
Item_596,Main,20.3,31,7.81,4.3,629.3000000000001
Item_597,Dessert,8.5,23,3.36,3.1,195.5
Item_598,Drink,15.05,26,8.69,3.2,391.3
Item_599,Drink,12.97,21,4.11,3.0,272.37
Item_600,Drink,7.93,27,3.53,5.0,214.10999999999999
Item_601,Starter,12.35,19,7.09,4.6,234.65
Item_602,Main,6.36,29,3.07,4.6,184.44
Item_603,Starter,5.52,31,2.56,4.0,171.11999999999998
Item_604,Main,7.7,27,2.89,3.6,207.9
Item_605,Dessert,24.26,38,9.78,3.3,921.8800000000001
Item_606,Dessert,15.99,24,8.88,3.6,383.76
Item_607,Drink,24.32,34,11.38,3.8,826.88
Item_608,Main,13.65,30,6.2,4.5,409.5
Item_609,Dessert,11.24,28,3.71,4.1,314.72
Item_610,Main,15.12,28,4.61,3.2,423.35999999999996
Item_611,Dessert,13.79,29,8.12,3.0,399.90999999999997
Item_612,Starter,7.11,23,2.94,3.2,163.53
Item_613,Dessert,17.82,42,8.57,3.8,748.44
Item_614,Starter,9.32,31,3.02,4.9,288.92
Item_615,Dessert,17.39,30,8.78,4.3,521.7
Item_616,Drink,18.0,25,10.44,4.6,450.0
Item_617,Starter,8.04,28,3.8,3.9,225.11999999999998
Item_618,Dessert,6.23,23,2.1,3.7,143.29000000000002
Item_619,Drink,20.62,24,9.78,3.2,494.88
Item_620,Starter,14.2,25,7.52,4.8,355.0
Item_621,Drink,6.16,36,2.6,4.6,221.76
Item_622,Main,24.9,31,14.04,3.3,771.9
Item_623,Main,6.16,28,3.05,4.0,172.48000000000002
Item_624,Starter,18.9,28,10.77,4.0,529.1999999999999
Item_625,Dessert,24.67,31,12.02,4.3,764.7700000000001
Item_626,Starter,9.78,35,3.32,4.9,342.29999999999995
Item_627,Drink,7.84,33,3.08,4.2,258.71999999999997
Item_628,Dessert,7.43,25,2.68,4.1,185.75
Item_629,Main,11.07,26,6.34,3.1,287.82
Item_630,Dessert,7.02,35,3.71,3.1,245.7
Item_631,Main,18.84,34,9.48,3.4,640.56
Item_632,Dessert,6.25,29,2.44,3.1,181.25
Item_633,Dessert,15.19,21,5.4,4.5,318.99
Item_634,Dessert,24.93,39,13.14,4.4,972.27
Item_635,Drink,21.28,26,9.41,3.3,553.28
Item_636,Drink,17.3,29,6.36,4.7,501.70000000000005
Item_637,Starter,11.13,34,5.4,3.3,378.42
Item_638,Starter,17.48,30,5.46,3.6,524.4
Item_639,Main,15.54,35,6.18,3.5,543.9
Item_640,Drink,13.52,36,5.96,3.7,486.71999999999997
Item_641,Main,7.61,27,2.62,3.5,205.47
Item_642,Starter,22.73,30,13.53,4.0,681.9
Item_643,Main,14.0,18,5.08,3.8,252.0
Item_644,Starter,8.89,31,3.01,5.0,275.59000000000003
Item_645,Drink,12.36,36,4.46,3.1,444.96
Item_646,Dessert,13.28,25,7.05,3.3,332.0
Item_647,Drink,21.55,34,9.22,3.1,732.7
Item_648,Main,19.67,32,9.24,4.3,629.44
Item_649,Main,20.39,24,6.25,3.1,489.36
Item_650,Drink,5.22,35,1.62,4.7,182.7
Item_651,Drink,13.32,34,5.78,4.0,452.88
Item_652,Starter,14.63,35,7.97,4.1,512.0500000000001
Item_653,Main,5.38,33,3.04,4.1,177.54
Item_654,Main,10.2,40,3.33,3.3,408.0
Item_655,Drink,20.21,19,9.33,3.4,383.99
Item_656,Dessert,7.74,36,4.44,3.6,278.64
Item_657,Main,15.71,35,6.54,4.2,549.85
Item_658,Dessert,9.3,27,5.1,3.4,251.10000000000002
Item_659,Drink,5.24,40,1.78,3.2,209.60000000000002
Item_660,Drink,9.82,32,5.7,4.9,314.24
Item_661,Starter,24.52,27,12.88,3.0,662.04
Item_662,Main,21.03,34,12.25,4.6,715.02
Item_663,Dessert,24.19,33,12.17,4.6,798.2700000000001
Item_664,Starter,14.76,27,6.04,3.6,398.52
Item_665,Main,7.19,29,4.18,3.3,208.51000000000002
Item_666,Starter,15.96,27,6.11,3.3,430.92
Item_667,Drink,14.09,41,5.63,4.4,577.6899999999999
Item_668,Main,21.89,28,11.17,4.3,612.9200000000001
Item_669,Starter,6.96,19,3.69,4.6,132.24
Item_670,Starter,14.76,24,8.54,4.9,354.24
Item_671,Dessert,8.0,29,2.89,4.4,232.0
Item_672,Starter,11.49,26,6.2,3.3,298.74
Item_673,Main,19.75,33,10.3,3.5,651.75
Item_674,Main,14.52,34,4.63,4.7,493.68
Item_675,Dessert,12.52,34,5.21,3.4,425.68
Item_676,Main,12.89,33,4.96,3.1,425.37
Item_677,Drink,14.19,28,5.55,4.4,397.32
Item_678,Main,20.7,27,12.31,3.8,558.9
Item_679,Main,22.84,26,11.26,4.8,593.84
Item_680,Starter,24.11,24,12.42,4.3,578.64
Item_681,Starter,20.74,29,12.3,3.2,601.4599999999999
Item_682,Main,11.31,22,4.67,4.9,248.82000000000002
Item_683,Dessert,18.76,30,10.14,3.5,562.8000000000001
Item_684,Starter,13.75,30,5.92,3.7,412.5
Item_685,Dessert,10.09,31,5.66,3.8,312.79
Item_686,Main,21.82,24,7.73,3.1,523.6800000000001
Item_687,Main,5.77,31,3.37,4.0,178.86999999999998
Item_688,Drink,23.04,27,8.42,3.2,622.0799999999999
Item_689,Starter,14.23,36,5.66,3.8,512.28
Item_690,Main,17.74,28,9.35,3.7,496.71999999999997
Item_691,Drink,18.19,35,7.61,4.5,636.6500000000001
Item_692,Starter,22.9,31,11.05,4.6,709.9
Item_693,Main,17.73,25,7.68,3.3,443.25
Item_694,Main,17.28,31,9.03,3.7,535.6800000000001
Item_695,Starter,6.33,30,2.33,3.7,189.9
Item_696,Starter,15.37,24,4.88,3.3,368.88
Item_697,Starter,8.0,29,3.12,4.6,232.0
Item_698,Main,19.75,18,8.74,4.4,355.5
Item_699,Main,15.24,33,5.34,3.4,502.92
Item_700,Drink,18.6,25,7.56,3.7,465.00000000000006
Item_701,Dessert,5.83,26,2.45,3.2,151.58
Item_702,Starter,6.7,28,2.13,4.3,187.6
Item_703,Main,19.33,36,9.18,3.2,695.8799999999999
Item_704,Main,6.44,27,3.64,5.0,173.88000000000002
Item_705,Starter,6.43,35,2.22,4.6,225.04999999999998
Item_706,Dessert,5.24,25,2.51,3.8,131.0
Item_707,Starter,24.13,29,12.05,4.2,699.77
Item_708,Dessert,19.75,36,8.41,4.8,711.0
Item_709,Main,12.07,28,6.16,4.1,337.96000000000004
Item_710,Dessert,10.93,36,4.63,3.3,393.48
Item_711,Drink,11.99,29,5.41,3.8,347.71
Item_712,Main,20.49,40,6.19,4.7,819.5999999999999
Item_713,Drink,18.23,40,9.25,4.3,729.2
Item_714,Starter,8.7,30,4.34,4.3,261.0
Item_715,Starter,8.48,30,2.64,4.7,254.4
Item_716,Starter,6.97,24,2.86,4.8,167.28
Item_717,Dessert,18.21,34,10.81,4.8,619.14
Item_718,Main,20.29,29,8.65,3.2,588.41
Item_719,Starter,10.3,33,4.64,4.1,339.90000000000003
Item_720,Starter,5.42,28,3.11,4.5,151.76
Item_721,Main,6.64,28,3.42,4.5,185.92
Item_722,Starter,24.36,36,11.56,4.2,876.96
Item_723,Drink,10.91,28,5.88,3.3,305.48
Item_724,Main,20.38,22,11.4,4.6,448.35999999999996
Item_725,Main,17.49,29,7.64,4.4,507.21
Item_726,Main,12.64,33,5.59,3.2,417.12
Item_727,Drink,9.11,28,3.79,3.9,255.07999999999998
Item_728,Main,7.43,24,4.38,3.3,178.32
Item_729,Drink,17.3,24,8.81,3.7,415.20000000000005
Item_730,Main,20.49,31,6.66,3.0,635.1899999999999
Item_731,Dessert,17.88,30,9.99,3.8,536.4
Item_732,Starter,15.61,43,6.93,4.1,671.23
Item_733,Dessert,5.84,39,1.87,4.2,227.76
Item_734,Starter,24.37,32,11.33,4.3,779.84
Item_735,Drink,20.97,34,8.92,4.7,712.98
Item_736,Dessert,10.86,33,6.12,3.4,358.38
Item_737,Main,24.6,31,8.89,3.2,762.6
Item_738,Starter,17.04,29,9.34,4.7,494.15999999999997
Item_739,Starter,16.65,39,7.78,3.3,649.3499999999999
Item_740,Dessert,19.96,36,6.32,4.9,718.5600000000001
Item_741,Drink,21.24,30,12.56,4.7,637.1999999999999
Item_742,Dessert,18.13,31,8.23,4.0,562.03
Item_743,Drink,7.56,16,2.93,5.0,120.96
Item_744,Drink,11.77,45,5.19,3.2,529.65
Item_745,Starter,23.56,34,13.13,3.6,801.04
Item_746,Dessert,9.49,33,3.72,4.3,313.17
Item_747,Dessert,12.44,42,4.45,3.7,522.48
Item_748,Drink,13.64,35,4.62,4.9,477.40000000000003
Item_749,Dessert,13.79,32,5.37,3.1,441.28
Item_750,Main,17.26,33,9.22,4.1,569.58
Item_751,Main,23.86,41,10.53,4.2,978.26
Item_752,Dessert,9.81,32,3.61,4.3,313.92
Item_753,Dessert,7.43,27,2.6,3.5,200.60999999999999
Item_754,Drink,8.95,29,3.58,3.7,259.54999999999995
Item_755,Main,22.74,24,13.23,4.7,545.76
Item_756,Main,17.92,21,7.22,3.4,376.32000000000005
Item_757,Starter,10.72,22,6.39,4.7,235.84
Item_758,Drink,21.32,33,9.5,4.1,703.5600000000001
Item_759,Starter,22.23,24,7.86,4.5,533.52
Item_760,Main,21.93,49,12.44,4.4,1074.57
Item_761,Drink,23.38,40,10.24,3.4,935.1999999999999
Item_762,Dessert,10.04,18,5.15,4.1,180.71999999999997
Item_763,Drink,20.1,31,11.96,4.7,623.1
Item_764,Dessert,14.21,27,4.48,3.9,383.67
Item_765,Dessert,21.84,31,7.19,4.9,677.04
Item_766,Drink,19.57,26,10.1,3.9,508.82
Item_767,Dessert,20.53,26,7.89,3.3,533.78
Item_768,Starter,18.12,28,6.44,3.8,507.36
Item_769,Main,8.55,18,2.67,4.9,153.9
Item_770,Dessert,15.9,25,4.87,3.6,397.5
Item_771,Starter,24.69,21,13.14,4.7,518.49
Item_772,Dessert,23.75,27,8.08,4.8,641.25
Item_773,Main,5.86,21,2.58,3.7,123.06
Item_774,Starter,8.3,34,4.0,3.2,282.20000000000005
Item_775,Main,7.63,30,3.27,4.4,228.9
Item_776,Main,19.52,27,6.01,3.6,527.04
Item_777,Starter,21.36,30,11.43,4.6,640.8
Item_778,Starter,9.27,31,2.81,3.9,287.37
Item_779,Starter,15.12,34,7.99,4.0,514.0799999999999
Item_780,Drink,21.81,23,12.39,4.6,501.63
Item_781,Starter,19.66,28,8.45,3.8,550.48
Item_782,Starter,15.84,33,7.3,3.9,522.72
Item_783,Starter,16.81,33,7.45,3.8,554.7299999999999
Item_784,Starter,15.17,32,6.32,3.7,485.44
Item_785,Dessert,10.95,27,6.2,4.1,295.65
Item_786,Drink,16.3,28,9.26,4.6,456.40000000000003
Item_787,Main,18.78,33,7.53,3.7,619.74
Item_788,Starter,22.47,33,10.89,4.0,741.51
Item_789,Dessert,17.73,28,10.25,4.3,496.44
Item_790,Dessert,20.22,34,11.9,3.5,687.48
Item_791,Dessert,8.2,33,3.71,3.6,270.59999999999997
Item_792,Main,14.23,33,6.2,4.9,469.59000000000003
Item_793,Starter,5.19,37,1.99,4.4,192.03
Item_794,Drink,9.93,29,5.84,4.2,287.96999999999997
Item_795,Drink,19.53,28,6.7,4.3,546.84
Item_796,Dessert,24.84,27,11.77,3.1,670.68
Item_797,Main,6.98,37,2.69,4.2,258.26
Item_798,Main,13.03,40,5.0,4.0,521.1999999999999
Item_799,Main,21.0,36,8.85,4.1,756.0
Item_800,Drink,9.08,35,5.44,3.7,317.8
Item_801,Dessert,16.1,36,5.1,3.2,579.6
Item_802,Starter,19.66,26,9.31,3.4,511.16
Item_803,Drink,17.32,35,5.63,4.9,606.2
Item_804,Dessert,8.76,37,3.03,3.8,324.12
Item_805,Dessert,12.11,33,5.23,3.9,399.63
Item_806,Starter,20.68,27,9.37,3.1,558.36
Item_807,Starter,16.08,31,6.07,3.1,498.47999999999996
Item_808,Starter,5.1,33,2.01,4.4,168.29999999999998
Item_809,Main,20.22,29,6.59,4.1,586.38
Item_810,Starter,5.71,35,2.23,4.0,199.85
Item_811,Dessert,19.91,33,11.75,3.5,657.03
Item_812,Starter,9.05,32,5.28,4.5,289.6
Item_813,Dessert,24.16,25,9.68,3.3,604.0
Item_814,Drink,12.36,23,5.82,3.4,284.28
Item_815,Main,11.54,37,6.61,3.9,426.97999999999996
Item_816,Drink,7.98,34,2.41,3.6,271.32
Item_817,Drink,11.11,30,6.04,3.5,333.29999999999995
Item_818,Dessert,22.53,27,13.17,4.3,608.3100000000001
Item_819,Drink,24.93,26,8.16,4.3,648.18
Item_820,Dessert,12.37,32,4.31,4.6,395.84
Item_821,Starter,13.97,31,8.22,3.8,433.07
Item_822,Starter,19.44,26,8.97,3.1,505.44000000000005
Item_823,Dessert,22.72,45,6.91,3.5,1022.4
Item_824,Starter,16.86,38,6.36,5.0,640.68
Item_825,Main,12.83,31,5.58,4.2,397.73
Item_826,Drink,13.25,20,6.73,4.4,265.0
Item_827,Main,18.91,32,9.83,3.0,605.12
Item_828,Drink,5.06,39,3.03,4.0,197.33999999999997
Item_829,Starter,17.39,23,6.72,3.1,399.97
Item_830,Main,12.11,26,5.59,4.1,314.86
Item_831,Starter,20.88,35,9.6,4.8,730.8
Item_832,Drink,6.86,26,2.89,4.9,178.36
Item_833,Dessert,16.76,26,5.88,4.1,435.76000000000005
Item_834,Dessert,14.62,33,8.67,3.9,482.46
Item_835,Main,17.85,31,9.92,4.9,553.35
Item_836,Starter,6.3,34,2.83,4.3,214.2
Item_837,Starter,16.6,33,7.98,3.1,547.8000000000001
Item_838,Main,16.23,27,5.98,3.9,438.21000000000004
Item_839,Dessert,16.21,39,7.51,3.5,632.19
Item_840,Drink,17.07,22,8.68,3.9,375.54
Item_841,Main,18.53,34,8.42,3.9,630.02
Item_842,Drink,21.1,22,12.6,4.2,464.20000000000005
Item_843,Dessert,10.4,34,5.03,3.7,353.6
Item_844,Starter,21.5,26,8.84,3.3,559.0
Item_845,Dessert,14.97,31,7.96,4.0,464.07
Item_846,Main,6.54,43,2.3,4.7,281.22
Item_847,Starter,6.17,30,2.56,4.3,185.1
Item_848,Main,11.68,31,4.72,3.7,362.08
Item_849,Main,20.7,32,8.89,4.9,662.4
Item_850,Dessert,19.15,25,10.24,4.8,478.74999999999994
Item_851,Main,20.77,27,9.25,3.4,560.79
Item_852,Dessert,15.35,29,8.26,3.1,445.15
Item_853,Starter,13.8,31,6.53,4.5,427.8
Item_854,Dessert,7.95,27,3.2,4.7,214.65
Item_855,Starter,11.56,28,6.28,4.9,323.68
Item_856,Dessert,13.68,33,5.08,4.8,451.44
Item_857,Drink,6.77,23,2.49,4.2,155.70999999999998
Item_858,Drink,9.41,23,4.25,4.1,216.43
Item_859,Main,16.96,33,6.42,3.1,559.6800000000001
Item_860,Dessert,19.71,30,5.97,3.5,591.3000000000001
Item_861,Dessert,24.97,32,12.35,3.9,799.04
Item_862,Starter,23.66,29,10.73,4.3,686.14
Item_863,Main,17.85,37,7.74,4.1,660.45
Item_864,Dessert,13.42,22,7.92,4.5,295.24
Item_865,Main,17.72,31,8.35,3.6,549.3199999999999
Item_866,Drink,20.71,21,11.58,4.1,434.91
Item_867,Dessert,7.37,22,2.52,3.2,162.14000000000001
Item_868,Dessert,13.2,31,6.21,3.8,409.2
Item_869,Main,21.8,32,12.22,4.5,697.6
Item_870,Dessert,12.68,33,6.02,4.4,418.44
Item_871,Main,16.44,27,8.47,5.0,443.88000000000005
Item_872,Dessert,16.76,38,6.9,3.6,636.8800000000001
Item_873,Starter,8.69,31,2.85,4.0,269.39
Item_874,Main,12.24,28,5.35,3.7,342.72
Item_875,Dessert,11.69,29,4.89,3.9,339.01
Item_876,Drink,5.52,33,3.09,4.7,182.16
Item_877,Dessert,5.48,28,2.05,4.4,153.44
Item_878,Drink,21.63,19,12.76,4.8,410.96999999999997
Item_879,Drink,10.46,33,6.14,3.4,345.18
Item_880,Starter,15.36,33,5.75,4.7,506.88
Item_881,Main,10.97,34,4.44,3.1,372.98
Item_882,Dessert,23.81,29,13.54,4.8,690.49
Item_883,Starter,10.19,26,6.01,3.7,264.94
Item_884,Dessert,13.59,28,5.88,3.6,380.52
Item_885,Drink,22.45,27,8.9,4.0,606.15
Item_886,Main,21.84,24,10.0,4.9,524.16
Item_887,Dessert,8.72,28,4.42,3.1,244.16000000000003
Item_888,Dessert,21.05,29,8.04,3.7,610.45
Item_889,Drink,14.16,33,7.38,4.7,467.28000000000003
Item_890,Dessert,14.66,32,4.63,3.8,469.12
Item_891,Dessert,7.67,23,2.41,3.4,176.41
Item_892,Drink,6.61,32,2.75,3.8,211.52
Item_893,Starter,19.56,28,7.94,3.8,547.68
Item_894,Drink,14.93,23,5.89,4.8,343.39
Item_895,Starter,13.74,24,6.15,4.5,329.76
Item_896,Main,19.59,25,7.76,4.0,489.75
Item_897,Starter,20.31,31,7.26,5.0,629.61
Item_898,Starter,8.18,37,3.21,3.9,302.65999999999997
Item_899,Main,17.2,27,10.19,3.1,464.4
Item_900,Starter,7.71,31,3.26,3.5,239.01
Item_901,Drink,20.03,31,8.68,3.9,620.9300000000001
Item_902,Starter,18.14,28,8.58,3.3,507.92
Item_903,Main,24.13,23,14.36,4.9,554.99
Item_904,Drink,6.38,29,2.38,4.5,185.02
Item_905,Main,6.14,21,3.1,3.5,128.94
Item_906,Main,10.64,34,5.48,4.2,361.76
Item_907,Dessert,10.23,36,4.93,4.4,368.28000000000003
Item_908,Dessert,9.94,30,3.25,4.9,298.2
Item_909,Main,23.13,23,11.64,4.8,531.99
Item_910,Main,9.99,47,3.19,4.0,469.53000000000003
Item_911,Main,10.44,34,5.0,4.5,354.96
Item_912,Dessert,20.19,28,10.54,4.1,565.32
Item_913,Dessert,13.99,31,5.08,4.1,433.69
Item_914,Starter,20.53,33,11.34,3.2,677.49
Item_915,Starter,6.31,21,1.95,3.3,132.51
Item_916,Main,14.75,26,8.16,4.1,383.5
Item_917,Drink,5.67,29,2.48,3.5,164.43
Item_918,Drink,6.25,28,2.28,3.0,175.0
Item_919,Dessert,23.13,28,7.87,4.4,647.64
Item_920,Dessert,7.78,29,4.56,3.1,225.62
Item_921,Dessert,15.65,31,5.04,4.2,485.15000000000003
Item_922,Main,13.22,35,4.76,4.1,462.70000000000005
Item_923,Drink,11.95,36,4.83,4.9,430.2
Item_924,Starter,23.0,35,11.18,4.0,805.0
Item_925,Main,5.44,29,2.52,3.1,157.76000000000002
Item_926,Starter,18.28,31,6.17,4.1,566.6800000000001
Item_927,Starter,24.27,25,9.39,4.7,606.75
Item_928,Main,16.2,31,6.02,5.0,502.2
Item_929,Starter,23.74,19,8.64,3.9,451.05999999999995
Item_930,Drink,6.05,35,2.56,3.6,211.75
Item_931,Starter,13.38,25,6.84,4.8,334.5
Item_932,Drink,10.2,20,3.73,3.4,204.0
Item_933,Drink,19.62,24,8.04,4.2,470.88
Item_934,Drink,24.63,25,10.28,3.8,615.75
Item_935,Dessert,10.13,18,6.01,3.1,182.34
Item_936,Starter,18.08,30,10.6,3.7,542.4
Item_937,Main,8.96,28,4.84,3.5,250.88000000000002
Item_938,Main,16.31,23,6.08,4.4,375.13
Item_939,Starter,14.28,19,4.58,4.9,271.32
Item_940,Dessert,24.44,31,9.66,3.5,757.64
Item_941,Dessert,17.17,37,6.53,4.6,635.2900000000001
Item_942,Drink,11.99,44,5.42,3.1,527.5600000000001
Item_943,Starter,7.28,21,3.88,4.1,152.88
Item_944,Starter,8.02,24,4.47,3.1,192.48
Item_945,Main,9.51,32,5.26,4.9,304.32
Item_946,Starter,10.02,26,4.09,4.5,260.52
Item_947,Dessert,22.01,24,11.14,4.3,528.24
Item_948,Starter,16.22,22,6.39,4.6,356.84
Item_949,Main,15.47,26,4.92,4.3,402.22
Item_950,Drink,7.3,42,3.73,4.9,306.59999999999997
Item_951,Main,22.2,28,6.73,4.4,621.6
Item_952,Main,19.46,20,8.23,4.8,389.20000000000005
Item_953,Drink,6.35,33,2.53,4.0,209.54999999999998
Item_954,Main,19.16,28,9.73,3.2,536.48
Item_955,Main,15.87,29,8.41,4.1,460.22999999999996
Item_956,Starter,6.63,27,2.59,3.3,179.01
Item_957,Starter,14.17,32,7.7,4.2,453.44
Item_958,Drink,14.69,27,5.7,4.0,396.63
Item_959,Starter,8.32,25,3.61,4.2,208.0
Item_960,Starter,23.91,24,12.39,3.0,573.84
Item_961,Main,22.0,33,11.17,3.4,726.0
Item_962,Dessert,18.38,30,10.96,4.0,551.4
Item_963,Starter,14.25,20,5.24,4.9,285.0
Item_964,Dessert,13.24,27,6.6,3.8,357.48
Item_965,Starter,18.02,37,8.7,3.8,666.74
Item_966,Starter,15.91,25,9.14,4.4,397.75
Item_967,Drink,6.25,24,2.17,4.2,150.0
Item_968,Drink,15.25,27,8.01,3.6,411.75
Item_969,Drink,21.13,29,9.94,3.8,612.77
Item_970,Dessert,14.18,37,5.42,3.4,524.66
Item_971,Main,6.04,33,2.67,4.9,199.32
Item_972,Starter,20.73,29,8.29,3.3,601.17
Item_973,Starter,9.03,28,4.28,3.7,252.83999999999997
Item_974,Starter,10.17,33,5.76,3.1,335.61
Item_975,Dessert,8.29,23,3.9,3.4,190.67
Item_976,Drink,11.6,25,5.68,4.6,290.0
Item_977,Main,20.14,33,9.18,3.4,664.62
Item_978,Dessert,15.39,29,4.85,3.2,446.31
Item_979,Drink,9.1,31,3.37,3.9,282.09999999999997
Item_980,Dessert,22.56,24,10.1,3.0,541.4399999999999
Item_981,Main,22.59,31,8.88,3.2,700.29
Item_982,Drink,22.41,25,7.94,4.6,560.25
Item_983,Dessert,9.78,35,4.41,4.5,342.29999999999995
Item_984,Main,14.02,26,5.56,4.8,364.52
Item_985,Starter,24.7,31,9.32,4.7,765.6999999999999
Item_986,Main,20.44,34,8.98,4.4,694.96
Item_987,Starter,5.54,30,1.88,3.1,166.2
Item_988,Dessert,6.3,26,3.64,4.6,163.79999999999998
Item_989,Drink,14.28,32,8.0,4.7,456.96
Item_990,Drink,23.18,26,11.87,4.6,602.68
Item_991,Dessert,15.77,30,5.23,4.0,473.09999999999997
Item_992,Drink,14.96,34,7.97,3.5,508.64000000000004
Item_993,Drink,7.11,31,3.86,4.7,220.41
Item_994,Starter,18.14,24,9.62,4.5,435.36
Item_995,Dessert,21.44,21,7.17,5.0,450.24
Item_996,Main,12.61,31,6.22,3.3,390.90999999999997
Item_997,Starter,20.51,30,11.29,3.5,615.3000000000001
Item_998,Dessert,24.29,24,11.49,3.4,582.96
Item_999,Starter,9.08,37,4.48,4.6,335.96
Item_1000,Main,15.47,38,6.77,3.4,587.86
